"estudiante_id","puntaje_examen","puntaje_centrado","recibe_beca","graduado","tasa_graduacion","promedio_final","ingreso_familiar","edad","mujer","escolaridad_padres"
860,456.2,-243.843516728873,FALSE,1,0.660887171140173,5.79,3000,14,0,4
917,462.9,-237.092910329739,FALSE,0,0.49904487209945,5.72,3000,16,0,5
836,469.1,-230.88076973027,FALSE,1,0.699270398431034,5.92,3000,15,1,3
671,491.7,-208.263976754129,FALSE,1,0.629088503046698,5.23,3000,16,1,3
15,496.2,-203.750515690264,FALSE,0,0.563314983363779,5.86,3745,16,1,6
222,497.2,-202.818017567454,FALSE,1,0.601253525484642,5.9,3000,15,0,9
6,498.7,-201.287122560757,FALSE,1,0.530534018911689,5.37,3590,16,1,7
472,499,-201.025662907092,FALSE,1,0.559406498182937,5,3000,15,0,8
393,511.1,-188.870426176503,FALSE,0,0.592222482322637,5.57,3000,16,0,4
316,513.1,-186.904680030111,FALSE,0,0.524092136004785,5.51,3594,15,0,8
237,518.5,-181.463306053196,FALSE,1,0.618826212198931,6.15,6069,14,1,10
791,524.4,-175.618204195801,FALSE,1,0.525681017081632,5.24,6663,14,0,11
436,530,-169.960696668032,FALSE,1,0.510478006171847,6.15,3671,16,1,11
709,530.2,-169.783577967371,FALSE,0,0.573749683595305,5.47,3146,15,0,3
362,531.9,-168.053096398748,FALSE,1,0.486707622595233,6.56,3000,14,0,7
363,532.7,-167.269748766563,FALSE,1,0.49705629343461,5.26,3498,15,1,5
490,537.7,-162.308526891063,FALSE,0,0.610825631182164,5,5103,16,0,3
315,539.1,-160.920673982095,FALSE,0,0.45765935803261,5.1,3000,15,0,3
406,539.9,-160.073240505502,FALSE,1,0.535934839731847,6.68,4492,16,0,6
311,542.4,-157.582945688339,FALSE,1,0.523939222051359,5.54,3878,16,0,5
91,543.3,-156.681021458091,FALSE,0,0.433511650978506,5.89,5699,14,0,7
331,543.8,-156.182092573078,FALSE,0,0.555223099668417,5.95,3000,15,1,4
961,544.2,-155.77279071196,FALSE,0,0.623965760392919,6.86,3915,16,0,6
467,545.1,-154.883078391246,FALSE,1,0.623738594879388,5.57,3000,14,1,6
837,548,-151.965614755499,FALSE,1,0.603588354130992,5.12,3000,15,0,7
532,550.8,-149.168254844846,FALSE,1,0.633630653811799,6.62,3000,15,0,5
884,550.8,-149.223725117042,FALSE,1,0.570699319267837,5.01,7095,15,1,10
177,551.3,-148.701481509647,FALSE,1,0.680500889002263,5.61,3000,15,1,8
391,551.3,-148.69908728076,FALSE,0,0.55614888830651,6.65,4614,14,1,6
204,551.4,-148.556976787266,FALSE,0,0.54181163673522,6.03,4567,15,0,3
95,554.1,-145.948417562925,FALSE,1,0.700184064627637,6.18,3000,16,1,8
645,555.4,-144.579549351654,FALSE,1,0.772763746570794,5.16,3518,14,0,3
67,556,-143.994358535746,FALSE,0,0.644027621239122,5.49,5285,16,1,8
931,557.8,-142.213796085585,FALSE,1,0.61523862677458,6.27,3000,15,1,9
726,559.8,-140.240520518517,FALSE,1,0.526315136384454,6.14,3000,14,0,6
790,560,-139.997672555339,FALSE,0,0.512059795040543,5.83,3790,16,0,5
125,560.9,-139.103416988122,FALSE,1,0.539544121556868,6.84,5420,15,0,10
438,560.9,-139.131903408315,FALSE,0,0.480342810653001,5.4,4427,15,0,7
65,561.2,-138.751762739943,FALSE,1,0.565956189472634,5.18,3000,17,1,3
428,562,-138.033231134181,FALSE,0,0.491400250224225,5.97,5490,15,0,9
439,563.8,-136.183066426216,FALSE,1,0.696467031549118,5,3000,15,1,8
475,565.7,-134.259656668709,FALSE,1,0.669578495053598,6.34,6044,14,1,5
623,567,-133.00685211977,FALSE,0,0.43759544075583,5.1,4566,16,1,3
386,567.2,-132.84596331088,FALSE,1,0.608948223906644,5.11,3215,16,0,5
694,568.7,-131.259700266694,FALSE,0,0.421661428579947,5.36,3000,14,0,7
355,569.3,-130.732610142541,FALSE,1,0.446070338123275,5.61,5394,17,0,3
283,570.3,-129.685181017104,FALSE,0,0.479316381710513,5.27,3000,15,0,3
880,571.5,-128.453379239017,FALSE,1,0.478012479716596,6.45,6708,15,0,6
801,571.6,-128.420935564376,FALSE,1,0.452837284417931,6.13,3352,16,1,11
198,573.1,-126.917679088494,FALSE,1,0.477808378849611,5.95,3000,16,1,4
816,573.2,-126.837194724803,FALSE,1,0.515211130212523,5.97,3263,15,1,8
450,573.6,-126.35201669348,FALSE,0,0.581669859669432,5.73,5827,15,1,7
756,574.3,-125.657708756467,FALSE,1,0.506624659634837,6.6,6721,15,1,6
107,574.9,-125.14228452127,FALSE,0,0.466984202124632,7.03,3544,16,0,7
150,575.2,-124.789610766976,FALSE,0,0.651457367087219,5.83,3000,16,1,6
909,575.2,-124.789132243533,FALSE,1,0.58389541799381,6.1,4621,15,1,9
84,575.5,-124.544944816535,FALSE,0,0.670151142491512,5.69,4432,14,0,5
631,575.5,-124.531391230845,FALSE,1,0.527391146934348,5.22,5531,14,1,3
597,577.6,-122.377328129038,FALSE,1,0.700061697595036,6.47,5394,15,0,3
687,578.2,-121.777679666156,FALSE,0,0.59169896964701,5.81,3629,14,1,6
819,578.2,-121.809407128842,FALSE,0,0.598296375396847,5.54,6103,14,1,8
474,579.6,-120.437029025346,FALSE,0,0.453075441883676,5.48,3522,14,1,11
616,580.1,-119.946568793599,FALSE,1,0.570908230168753,6.22,4463,15,1,13
111,582.3,-117.747641986322,FALSE,1,0.570483376212349,5.19,3000,16,0,16
957,582.5,-117.470796059379,FALSE,1,0.58592475147212,5.21,3588,15,0,3
374,584.8,-115.218559320815,FALSE,1,0.438916071801549,6.22,4178,16,1,6
410,586.4,-113.64475716821,FALSE,1,0.398461739431242,5.35,5658,15,0,9
986,586.4,-113.633281916158,FALSE,1,0.5459839106795,5.25,3947,15,1,6
677,587,-112.991302752118,FALSE,1,0.655833964752652,5.68,7525,14,0,7
517,587.3,-112.710544616099,FALSE,1,0.476015931496204,5.88,3863,16,0,5
978,588.1,-111.888886105487,FALSE,1,0.526304022704852,6.7,3000,14,1,3
498,588.3,-111.678517955985,FALSE,0,0.474535309048503,5,5777,14,1,4
23,588.6,-111.362310381704,FALSE,0,0.446114816903375,5.95,5814,15,0,3
689,588.7,-111.254571012974,FALSE,1,0.580403366922122,5.76,3761,14,1,6
600,588.8,-111.206315096996,FALSE,1,0.466392741568214,6.21,3000,14,0,10
772,590.1,-109.870360459272,FALSE,0,0.4682813761864,6.5,3731,14,1,12
898,590.1,-109.88744147535,FALSE,1,0.597105778574396,5,5552,15,0,9
318,590.2,-109.847540828289,FALSE,0,0.580689087808366,6.57,3856,15,1,7
635,590.2,-109.787347237993,FALSE,0,0.475444466829147,5.51,4606,15,1,9
737,590.2,-109.778559001092,FALSE,1,0.678916952050784,5,4687,14,1,6
317,590.5,-109.476781608911,FALSE,0,0.417727498804572,5.89,3675,15,1,4
910,591,-108.962124325768,FALSE,1,0.572112923865864,6.35,4170,15,0,5
378,591.1,-108.906158845074,FALSE,1,0.461946750615122,5.62,5606,14,0,3
942,591.7,-108.31924261861,FALSE,1,0.657806334620144,5.43,6834,15,0,6
796,592.9,-107.093333502337,FALSE,0,0.520991656078985,5.77,7995,17,1,8
479,594,-106.028097279622,FALSE,0,0.705486553063475,6.42,5895,15,0,7
897,594,-106.000701895164,FALSE,1,0.597338251254459,5.55,4004,15,0,7
867,594.3,-105.671460401191,FALSE,0,0.596195956402616,6.2,5712,15,0,3
599,595.1,-104.921378232927,FALSE,1,0.728563850794084,6.64,5913,15,1,9
383,595.5,-104.492723497948,FALSE,1,0.598534856679912,5.37,7604,16,0,7
364,596.7,-103.288000809614,FALSE,0,0.506951361863705,6.22,3701,15,0,4
144,597.3,-102.671412520414,FALSE,0,0.48201070012017,5.2,5150,15,1,7
424,597.4,-102.574605229898,FALSE,0,0.716182985437006,6,3657,15,1,4
444,597.4,-102.558908062522,FALSE,0,0.492074358575692,5.49,8068,16,0,8
990,598,-101.973793832844,FALSE,1,0.706317121199984,6.1,8006,16,0,6
660,598.9,-101.112617688512,FALSE,0,0.64194805077941,5.21,6140,14,1,15
934,600.5,-99.5276864987014,FALSE,0,0.616122582096521,6.07,3676,17,0,9
545,600.6,-99.3819984742412,FALSE,1,0.690442737431871,5.86,4380,14,1,8
57,601.1,-98.9094409156296,FALSE,0,0.583801025045761,5.73,5366,16,1,8
972,601.4,-98.585448992379,FALSE,1,0.605216082014793,5.75,5274,14,1,3
280,603,-97.0374251883512,FALSE,1,0.542719392928666,6.07,8403,15,0,10
789,603.4,-96.5543331383611,FALSE,1,0.572570782868861,5.89,5799,14,0,6
516,603.5,-96.5171275619866,FALSE,1,0.633487241224121,5.29,6972,16,0,11
43,603.7,-96.3377428778454,FALSE,0,0.581610091173478,5.86,5408,15,0,7
803,604.3,-95.6686009022969,FALSE,1,0.572895705149302,5.51,5359,14,1,5
489,604.4,-95.5677547285143,FALSE,0,0.622646087750576,6.24,5329,15,1,7
112,604.5,-95.4749536611348,FALSE,1,0.587567609296389,5.89,4419,17,0,14
396,605.6,-94.4476251294441,FALSE,1,0.638764508085257,5.92,8022,14,1,3
51,606.4,-93.5918935948498,FALSE,1,0.68820899567731,5.71,5794,15,1,9
109,606.5,-93.5364120089787,FALSE,0,0.461133163247165,5.43,4689,16,0,12
736,607,-92.9609127595212,FALSE,0,0.585185823167094,5.87,4081,15,1,4
41,607.4,-92.5803086098754,FALSE,0,0.409923598398732,5.29,7148,15,0,9
81,607.6,-92.4461968616414,FALSE,1,0.582719922041171,5.83,4547,16,1,7
83,607.6,-92.4396928205884,FALSE,1,0.539732347847558,5.67,5973,15,0,7
950,608.2,-91.8464427058199,FALSE,1,0.536039699229525,5.56,3000,16,0,4
993,608.9,-91.0635565044546,FALSE,0,0.577446443940011,6.71,4506,15,1,8
446,609.6,-90.3550143249779,FALSE,1,0.589716035202794,5.39,6201,17,1,9
679,609.8,-90.2388705819654,FALSE,1,0.668813203866053,5.15,7165,15,0,5
338,610.5,-89.4556287838976,FALSE,0,0.5451627807548,5.62,3438,16,0,8
637,610.5,-89.4566347515706,FALSE,1,0.583179809712355,6.11,5421,15,0,8
783,611,-88.990459615987,FALSE,1,0.659090329628967,5.03,7484,15,0,8
104,611.1,-88.9319109637819,FALSE,1,0.489731097435761,5.88,3000,15,1,11
784,611.5,-88.4889525188842,FALSE,1,0.438105588921631,6.5,6095,16,1,8
400,611.7,-88.2547094639988,FALSE,1,0.632415412785189,5.45,4966,15,0,10
749,612.2,-87.8488277991203,FALSE,1,0.359556698301455,6.23,3000,15,1,6
137,612.5,-87.4723193592887,FALSE,1,0.701701046427188,6.35,7769,14,0,3
985,613,-87.0035285105591,FALSE,1,0.664191369336129,5.89,3968,16,1,6
786,613.1,-86.8550337692099,FALSE,1,0.589220999178783,5.57,4565,16,0,15
793,613.2,-86.8371813380229,FALSE,1,0.561371557849908,6.12,8236,14,0,11
2,613.6,-86.3752609881824,FALSE,1,0.653578273535314,6.02,6281,14,1,6
99,613.8,-86.1837370880526,FALSE,0,0.533744894156045,5.92,4888,15,0,3
804,614.3,-85.6854094709291,FALSE,1,0.522856695944584,5.37,7425,15,1,5
248,614.4,-85.610165596262,FALSE,1,0.66521435518618,6.39,5493,15,1,8
120,614.5,-85.5085291599262,FALSE,1,0.60293825302145,6.21,3803,14,1,9
500,615.2,-84.8479025790363,FALSE,0,0.517778907702932,5.77,4517,15,1,8
403,615.5,-84.522113391329,FALSE,0,0.50268676333438,6.12,3746,15,0,6
110,615.8,-84.1610829973084,FALSE,1,0.615032703390601,5.9,7423,15,0,6
609,616,-83.9724819303037,FALSE,1,0.610436373076009,6.23,6485,16,0,8
199,616.4,-83.5932539257431,FALSE,0,0.589030264290265,5.4,8347,17,1,11
916,616.5,-83.490943598399,FALSE,1,0.566725274764318,6.13,7782,14,0,10
873,616.6,-83.4080242173367,FALSE,1,0.605538572464918,5.92,5472,16,1,8
563,617.8,-82.2017675419311,FALSE,1,0.656908788559174,5.18,8582,16,1,9
688,618.3,-81.723944145947,FALSE,0,0.556484932373049,6.37,4824,15,0,9
8,618.4,-81.6097810508074,FALSE,0,0.591537889874429,5.98,3822,16,0,5
693,618.5,-81.5159522145135,FALSE,0,0.49150328047862,6.15,5962,14,0,4
855,618.6,-81.4448265182556,FALSE,0,0.5459693522726,5.89,6173,14,1,8
359,618.7,-81.3089817360675,FALSE,0,0.490946970199829,5.44,4070,16,1,16
288,618.9,-81.0862595289473,FALSE,1,0.660251086205944,5.47,9928,14,0,10
69,619.7,-80.2655588473604,FALSE,1,0.593657505874603,5.37,3000,16,0,10
480,619.7,-80.3147674538704,FALSE,0,0.553071801070957,5.49,10234,16,1,10
60,620.1,-79.9242178375428,FALSE,0,0.475771504283625,5.63,4406,15,1,12
887,620.5,-79.5412362558868,FALSE,1,0.652086054330561,5.41,4622,14,0,4
412,621,-78.9968959113146,FALSE,1,0.627483854169725,5.34,8252,15,1,9
675,621.6,-78.4232923623246,FALSE,1,0.698905756651347,5.2,5044,15,1,8
520,621.7,-78.3389095859989,FALSE,1,0.705108776437961,5.47,9968,14,0,10
76,621.8,-78.171957465865,FALSE,1,0.514677641955401,5,3689,15,1,11
936,622.1,-77.9270264581728,FALSE,1,0.52580276601361,5.96,5101,14,0,11
266,622.8,-77.1764173106696,FALSE,1,0.529131405787752,5.7,9670,14,0,9
484,622.8,-77.1655278903939,FALSE,0,0.6291604797549,6.1,3224,14,1,10
58,623.1,-76.8764238578412,FALSE,1,0.595128687478276,5.1,3908,15,0,10
97,623.3,-76.7076250058929,FALSE,1,0.669077989013857,5.61,8981,16,0,3
661,623.5,-76.530070183549,FALSE,1,0.548710730849384,5,3913,15,0,3
53,625.6,-74.4488247394889,FALSE,0,0.583450665101178,6.93,4213,15,1,13
521,625.8,-74.1784973135407,FALSE,1,0.545444864555242,6.51,5032,15,0,11
853,626.5,-73.5317350094303,FALSE,0,0.573261826474547,5.1,5339,15,0,8
646,626.6,-73.3972592520925,FALSE,0,0.69666527493063,5.64,4156,15,1,3
654,626.8,-73.2128898017963,FALSE,1,0.647356410827396,5.91,7407,15,1,9
670,626.9,-73.1160341684048,FALSE,1,0.416656663709279,5.66,4368,16,0,7
664,627,-73.0457083980524,FALSE,0,0.598473557596288,6.11,4895,15,1,9
618,627.1,-72.8837777741409,FALSE,0,0.65758877915952,6.67,3748,15,0,6
146,627.3,-72.7284970532791,FALSE,0,0.505599433718734,5.72,6975,15,0,15
405,627.3,-72.7379340869502,FALSE,1,0.662543665259201,5.82,8920,14,1,8
988,627.4,-72.6063352472506,FALSE,1,0.525027725126742,5.54,4467,15,0,8
334,627.9,-72.0747371928725,FALSE,1,0.735436700482354,5,5027,15,0,10
38,628.7,-71.3423783373895,FALSE,1,0.776745510700064,5.54,9581,16,0,11
861,629.3,-70.6683347049334,FALSE,0,0.550986764497882,6.55,6113,14,1,6
797,629.9,-70.0911743518348,FALSE,0,0.647397463046388,5.96,8699,14,0,13
163,630.1,-69.9163165296073,FALSE,1,0.678812961864217,6.48,6371,15,0,9
211,630.3,-69.7083654903795,FALSE,1,0.687358176053574,5.68,6486,16,1,13
333,630.3,-69.6784736030248,FALSE,0,0.690019231397131,6.52,8484,16,1,7
780,630.4,-69.5799737939512,FALSE,0,0.438214102284704,5.7,3000,15,1,3
642,630.5,-69.5227820412836,FALSE,1,0.522075570252374,5.36,5975,15,1,4
307,630.7,-69.3211855628971,FALSE,0,0.47820427193958,6.02,6550,14,0,3
162,630.8,-69.2215881890108,FALSE,0,0.529970796841929,6.16,6458,16,0,3
557,631,-69.0006310070931,FALSE,1,0.602898444948193,5.45,6279,15,1,5
779,631.2,-68.7671865062249,FALSE,1,0.667872984051939,5.82,8583,15,0,5
303,631.3,-68.6518270123,FALSE,1,0.708172384553985,5,6026,15,0,8
74,632.2,-67.7626733836796,FALSE,0,0.751972872994909,6.6,5276,15,1,6
367,632.6,-67.4105839120889,FALSE,1,0.585266274665571,5.78,7754,15,0,4
305,632.9,-67.1261553465843,FALSE,1,0.559132409040596,5.1,3628,15,1,8
962,633.1,-66.8818624188701,FALSE,0,0.593444048707662,5.14,6493,16,0,12
45,633.3,-66.6926832513644,FALSE,0,0.56491786172111,6.34,7915,15,1,7
700,633.8,-66.1525695223254,FALSE,1,0.56182119310121,5.81,5594,15,0,8
287,633.9,-66.0750955736432,FALSE,0,0.561639463959298,5.41,6655,15,1,9
40,634,-65.9924464846434,FALSE,1,0.619843536170356,6.29,8699,16,0,11
493,634,-65.9714440919472,FALSE,0,0.648123133690554,6.53,4713,16,0,12
595,634.1,-65.9333852942958,FALSE,1,0.551407067344359,6.52,3000,15,1,10
657,635.3,-64.6747847066962,FALSE,1,0.671030043726173,5.4,4635,15,0,8
228,635.5,-64.4629072020026,FALSE,1,0.535048554004253,5.63,7924,17,1,10
19,635.6,-64.3775064320211,FALSE,1,0.544770192273496,5.26,5988,16,1,5
278,635.9,-64.0891219371916,FALSE,0,0.558849151724917,5.73,3000,16,0,8
468,635.9,-64.0593552867422,FALSE,1,0.524835194269627,5.37,3000,15,0,7
558,636,-64.0307084126213,FALSE,1,0.680472923092399,5.6,6406,15,1,10
649,636.1,-63.9449021077195,FALSE,1,0.633644074878307,5.96,3000,16,1,3
777,636.1,-63.8939803734293,FALSE,1,0.581876233496836,5.33,5897,15,0,12
195,636.2,-63.8419729525725,FALSE,0,0.595273060099826,5.9,6287,14,1,8
550,636.3,-63.7143307500563,FALSE,0,0.504982586065591,7.21,7955,15,1,7
612,637.1,-62.861479373167,FALSE,1,0.586832344747447,5.32,4492,15,1,10
525,637.2,-62.8495021615719,FALSE,0,0.628680306979936,5.82,5014,16,1,5
746,637.3,-62.7235461509177,FALSE,1,0.615147220268407,5.8,10542,15,1,8
224,637.9,-62.0751658832917,FALSE,0,0.665290828200005,6.35,9137,15,0,6
335,637.9,-62.088965410738,FALSE,0,0.596806411746423,5.41,3318,14,1,6
181,638,-62.0196158008823,FALSE,0,0.551243152054005,5.81,6061,15,0,6
727,638.1,-61.8745402968274,FALSE,1,0.685299342738943,6.02,6901,17,0,8
590,638.4,-61.6283377720121,FALSE,1,0.556383564973343,5.46,8775,16,1,9
644,638.4,-61.5785311085181,FALSE,1,0.59238809784239,5.97,9475,15,1,11
88,639.2,-60.8251065424574,FALSE,0,0.654683536800862,6.01,4699,16,1,9
306,639.2,-60.7779423449347,FALSE,1,0.60543232906626,5.77,5877,15,1,13
473,639.2,-60.769890644994,FALSE,1,0.630731761414429,6.84,7172,18,1,6
668,639.6,-60.3776712297963,FALSE,1,0.597216121633587,5.2,7413,15,0,13
943,639.6,-60.4063543553947,FALSE,0,0.574555404306983,6.53,6601,15,1,6
696,639.8,-60.1501370833499,FALSE,1,0.527884197581802,5.39,7209,15,1,3
722,640.7,-59.2571908700235,FALSE,1,0.466866131072486,6.59,3000,14,1,10
970,640.7,-59.315307607103,FALSE,1,0.652407783868748,6.36,5286,16,0,11
839,640.9,-59.1413571915963,FALSE,1,0.55846988660619,6.46,4493,17,0,11
7,641.2,-58.8117437965342,FALSE,1,0.638264316504119,5.3,8619,15,1,9
389,641.3,-58.7109700771507,FALSE,0,0.748300489350713,6.31,7126,14,1,4
991,641.3,-58.6700565790129,FALSE,0,0.607839104356672,6.22,6248,14,0,9
12,641.6,-58.4346622874891,FALSE,1,0.636463606368889,5.1,6398,14,1,3
270,641.6,-58.394411638602,FALSE,0,0.487334351176061,6.33,3224,15,0,5
354,641.6,-58.4016556395887,FALSE,1,0.704711996630437,5,5074,16,1,11
169,642,-57.953834513953,FALSE,1,0.52942225054251,6.44,3590,15,0,6
844,642.2,-57.8294158666486,FALSE,1,0.606100163707155,6.58,7324,15,1,10
889,642.2,-57.8354140990933,FALSE,1,0.569551999866617,5.61,7283,16,1,10
115,643.1,-56.8790860680674,FALSE,1,0.585989662546055,5.77,5844,15,0,8
692,643.2,-56.759491650211,FALSE,1,0.533659250170153,5.72,7585,14,0,11
157,643.4,-56.5958251538382,FALSE,0,0.596640141111748,6.42,4688,16,1,4
352,643.6,-56.4289642968034,FALSE,1,0.596523747213475,6.06,7258,14,0,16
682,643.9,-56.0608339359873,FALSE,0,0.487277419425857,5,5811,15,0,7
825,644.4,-55.567510785737,FALSE,1,0.515555697308303,5.21,6612,15,1,8
427,644.7,-55.2559660244316,FALSE,1,0.472785246336475,6.55,5852,15,0,6
523,644.9,-55.1279228780232,FALSE,1,0.671938877977357,5.28,4555,15,1,15
632,644.9,-55.1218031290546,FALSE,0,0.545582478514764,6.2,8466,16,1,7
926,645,-54.9816909570901,FALSE,0,0.533791011772489,5.22,9074,14,0,13
172,645.1,-54.9361569395726,FALSE,0,0.683222888096592,5.41,6248,15,0,3
947,645.1,-54.8820569764029,FALSE,1,0.580534681815444,5.93,5192,16,1,10
559,645.2,-54.8113572642536,FALSE,1,0.589569549837763,5.19,8091,15,0,8
358,645.3,-54.6591375542888,FALSE,1,0.600044430583086,5.59,6238,14,0,6
555,645.5,-54.5437745742404,FALSE,0,0.693699194937115,7.2,6310,16,1,7
684,645.7,-54.2802598424448,FALSE,1,0.635263101691994,5.26,7937,14,0,3
572,645.8,-54.1796126145559,FALSE,0,0.550344727205926,5.98,10008,16,1,8
190,646,-53.9750620750543,FALSE,1,0.634815184196395,5.59,5622,15,0,4
622,646.1,-53.9324110871686,FALSE,0,0.582404544331854,5.29,9563,15,0,8
344,646.2,-53.8493568105241,FALSE,0,0.657501222273005,5.91,6345,14,0,6
360,646.3,-53.714733250703,FALSE,1,0.668918807429237,6.12,7033,15,1,11
702,646.3,-53.6594791176275,FALSE,1,0.497659903012513,6.49,4412,14,0,8
876,646.3,-53.6851433240183,FALSE,1,0.518363042114146,6.2,6199,15,1,7
5,646.7,-53.3311692227677,FALSE,1,0.671819666560908,5.53,3000,15,1,7
527,646.8,-53.2453521477286,FALSE,0,0.532158733713606,5.93,7755,16,1,9
997,647.1,-52.9235080078481,FALSE,0,0.459613055024051,5.6,8573,15,1,9
263,647.8,-52.1829893422059,FALSE,1,0.558615336214155,6.02,8804,15,0,13
292,648,-52.0489949417829,FALSE,0,0.52258319481256,5.31,5901,14,0,4
665,648,-51.9714541154534,FALSE,0,0.705926160113396,6.2,8284,16,1,7
55,648.4,-51.584516364985,FALSE,1,0.650711203120177,6.25,5004,14,1,11
508,648.4,-51.5998000068095,FALSE,1,0.642272889212892,5,7125,15,0,7
673,648.9,-51.1183915658538,FALSE,0,0.594142984350012,5.58,6606,16,0,6
256,649.2,-50.7709166759067,FALSE,1,0.641660581632734,5.25,6190,14,0,5
952,649.6,-50.4285439529801,FALSE,1,0.626983254328208,5.8,5250,16,1,8
719,650.2,-49.7889756149712,FALSE,1,0.635237000348095,6.19,4482,14,0,3
158,650.5,-49.4847712784903,FALSE,1,0.5749316081641,5.84,7123,15,0,3
820,650.5,-49.4858060118382,FALSE,1,0.599052427539847,5,6073,16,0,12
965,650.5,-49.4848946481665,FALSE,1,0.695616298979559,6.39,3000,16,1,3
168,650.8,-49.165414691798,FALSE,1,0.433453424607124,6.09,6254,15,1,6
495,650.8,-49.1856324584627,FALSE,1,0.618573153338301,5.72,4055,14,1,13
213,650.9,-49.1102295454929,FALSE,1,0.703979045373695,5.53,7995,15,0,11
835,651,-48.9506808137199,FALSE,0,0.630243776177391,5.2,6949,16,1,3
773,652,-47.9638456214634,FALSE,1,0.410768077077432,5,3000,14,1,5
345,652.1,-47.9078593469881,FALSE,0,0.557389394792535,5.2,10781,16,0,6
430,652.3,-47.6926733779745,FALSE,1,0.639671421486703,5.36,5254,15,0,12
513,652.5,-47.4684766976565,FALSE,1,0.646985327712567,5.54,5513,14,0,8
672,652.5,-47.4773998560746,FALSE,1,0.524948501630983,5.41,7390,15,0,9
208,652.9,-47.1091521601253,FALSE,1,0.598962535715643,6.44,4694,15,0,4
748,653.4,-46.5768252056889,FALSE,1,0.650873826204105,5.72,7337,14,0,3
979,653.9,-46.1343885717763,FALSE,0,0.545121719212229,5.31,5891,15,1,9
607,654.2,-45.8043894858685,FALSE,1,0.557951520143625,6.67,7764,16,1,4
235,654.4,-45.648229535176,FALSE,1,0.579003721478805,5.77,8249,15,0,8
227,654.5,-45.5110294025212,FALSE,0,0.626142602073247,6.31,4591,16,0,11
823,654.8,-45.2050839678541,FALSE,1,0.565160933398386,5.56,8287,17,0,4
903,655.5,-44.4952197940621,FALSE,0,0.526138385156831,5.84,4709,15,0,5
260,655.7,-44.2982044809186,FALSE,0,0.575215973011513,5.98,11603,16,1,7
764,655.7,-44.2514143362454,FALSE,1,0.7085472380446,5.58,7102,15,0,8
529,656.2,-43.8432370761724,FALSE,1,0.576586695741925,6.22,6047,16,0,9
818,656.2,-43.777044569357,FALSE,0,0.739915292793016,5.53,6794,14,1,5
127,656.5,-43.5318138558191,FALSE,0,0.686083113541132,6.59,4307,15,0,7
223,656.7,-43.3067315778713,FALSE,0,0.546353928050152,6.02,6861,15,1,12
250,656.8,-43.1848075788336,FALSE,0,0.605183122964326,5.89,5817,15,1,7
443,657.3,-42.7468848376826,FALSE,1,0.647976228442519,5.4,7684,15,0,10
811,657.4,-42.5876429734128,FALSE,1,0.676246698754551,5.39,7683,15,0,8
854,657.5,-42.4625365571745,FALSE,1,0.507772745472692,6.04,8253,15,1,7
963,657.5,-42.458683572004,FALSE,0,0.619537368267556,5.79,7827,16,0,11
921,657.6,-42.4427480656127,FALSE,0,0.668394622520421,5.6,4465,16,1,3
31,657.7,-42.3173533964997,FALSE,1,0.535187399858537,6.07,7028,14,1,10
539,657.9,-42.1067655834997,FALSE,1,0.502600304027758,5.67,8268,14,0,3
587,658.9,-41.0992995582151,FALSE,1,0.600478531627877,6.87,5750,14,0,7
385,659.1,-40.8883200543235,FALSE,1,0.612765557966458,5.85,5752,14,1,8
499,659.8,-40.1982289302538,FALSE,0,0.610604666829009,5.17,8072,16,0,3
802,659.8,-40.1998552704363,FALSE,1,0.543636813382072,6.17,5768,15,0,8
842,659.8,-40.1880307417215,FALSE,0,0.514989866953644,5,7358,16,1,12
640,660,-39.9943033979284,FALSE,1,0.487044980735076,6.58,6659,14,1,9
279,660.2,-39.7698522396431,FALSE,1,0.685150100028276,6.29,4659,17,0,11
102,660.5,-39.5074588491283,FALSE,1,0.6597204464444,5.9,7089,14,0,10
548,660.5,-39.5417454457349,FALSE,0,0.713955023444344,6.22,5997,14,0,3
98,660.8,-39.223656805322,FALSE,0,0.603573683935518,6.42,3000,15,0,7
431,660.9,-39.1476019406766,FALSE,0,0.51275441107768,5.4,11108,15,0,13
174,661.5,-38.4846388833994,FALSE,0,0.589018206877684,5.42,3000,15,1,12
630,661.9,-38.102563201767,FALSE,1,0.572460289687671,5,7045,15,1,5
93,662,-37.9907169198984,FALSE,0,0.496466469689032,6.45,5115,14,1,6
10,662.1,-37.9032785472076,FALSE,0,0.622709497198574,5.81,3213,15,1,9
669,662.2,-37.8467774175575,FALSE,1,0.478396422454348,6.17,8406,15,1,4
197,663.2,-36.8004089321001,FALSE,0,0.597028136301142,6.01,5462,14,0,5
496,663.2,-36.7808530787008,FALSE,1,0.593019107300858,6.49,8627,15,0,9
605,663.5,-36.4848550591233,FALSE,1,0.537399620833802,5.84,5880,16,1,7
945,664.1,-35.920580578171,FALSE,1,0.507462464969668,6.3,7587,15,1,9
912,664.2,-35.7504547317893,FALSE,1,0.406281648247755,5.4,8134,16,0,6
207,664.6,-35.4146317840654,FALSE,1,0.650982849637483,5,6101,14,0,9
806,665,-34.950915140976,FALSE,1,0.603085165041904,6.09,7443,15,0,5
201,665.4,-34.5621101981873,FALSE,1,0.614194390966143,5.3,9411,16,1,4
973,665.9,-34.1028024730015,FALSE,0,0.573465551664524,5.11,5419,16,1,5
564,666.1,-33.9298866500556,FALSE,1,0.586812662402722,5.72,7991,16,1,4
743,666.4,-33.6193004828468,FALSE,0,0.560489005380872,5.39,6598,15,0,14
902,666.4,-33.6348107567472,FALSE,1,0.610613304019888,6.55,11167,14,0,8
828,666.5,-33.521641112296,FALSE,1,0.514304446109123,5.51,8775,14,0,11
192,666.9,-33.138346578129,FALSE,1,0.586125734046303,5.48,9541,16,0,5
546,666.9,-33.0696265474792,FALSE,1,0.70061323523402,5.37,8195,15,1,5
915,667.1,-32.9010955237999,FALSE,0,0.378688710146059,6.48,10956,15,1,8
11,667.3,-32.6571763470342,FALSE,0,0.659753307731141,5.27,6226,15,1,9
519,667.3,-32.7093943187684,FALSE,1,0.692893564729114,5.09,8565,16,0,11
398,667.4,-32.554782403497,FALSE,1,0.470868556715908,6.27,5867,15,1,13
762,667.7,-32.2947827799553,FALSE,1,0.570228291660864,6.01,8494,16,0,7
48,667.8,-32.1998178289899,FALSE,0,0.585379132713264,6.08,6770,15,1,6
165,667.8,-32.1512193213802,FALSE,1,0.64595709411318,5.48,6935,14,1,7
253,668.1,-31.9205842982294,FALSE,1,0.571863812442499,5.1,4289,14,0,8
739,668.5,-31.4834046432726,FALSE,0,0.577932736212141,5.63,7140,14,0,8
171,668.6,-31.3658189079647,FALSE,1,0.559354347948273,5.23,3707,14,0,7
650,668.6,-31.4237140658782,FALSE,1,0.664009259116966,6.06,5093,16,0,9
728,669.1,-30.9388236609169,FALSE,1,0.590912039048301,5.67,5550,14,0,8
968,669.1,-30.9302465988156,FALSE,1,0.544092408092088,5.62,7026,16,1,3
312,669.6,-30.4086199178946,FALSE,0,0.529360810928169,6.06,8836,14,0,7
850,669.7,-30.2961472721694,FALSE,1,0.600799833796276,5,5972,15,0,11
591,669.9,-30.1200516489786,FALSE,0,0.499625357748047,5,9882,16,0,8
829,669.9,-30.0992717442105,FALSE,0,0.603469004147592,6.34,10877,15,0,9
683,670.3,-29.739150681824,FALSE,0,0.595003659237159,5.71,8487,15,0,9
297,670.6,-29.4100585693737,FALSE,1,0.654052389799557,5.07,5025,14,1,9
379,670.8,-29.2174046323108,FALSE,0,0.65325801748611,6.01,5648,14,0,4
298,670.9,-29.06956556011,FALSE,1,0.528298821880637,6.18,6243,15,0,9
937,671.4,-28.6269693976716,FALSE,0,0.612001252582171,6.06,6638,16,0,10
647,671.5,-28.5165331656766,FALSE,0,0.480640519596546,6.41,3000,14,0,3
215,671.6,-28.4172812721242,FALSE,0,0.687039998418092,5.7,4582,14,1,7
814,671.6,-28.4372434415909,FALSE,0,0.571968433272868,5.87,7914,15,0,3
608,671.7,-28.2668978270988,FALSE,0,0.589707800132571,5.37,8915,16,1,9
113,672.2,-27.8383539753549,FALSE,1,0.745556329909719,5.87,11060,14,1,6
323,672.4,-27.5690097711662,FALSE,0,0.548271987449041,6.48,9771,15,1,9
79,672.5,-27.4694576144317,FALSE,0,0.633959497071327,5.51,9146,14,0,9
259,672.6,-27.3970785902908,FALSE,0,0.486253600311636,5.96,6352,14,0,9
900,673.1,-26.8901045541639,FALSE,0,0.49244449835078,5.18,4092,16,0,5
21,673.7,-26.2937611272192,FALSE,0,0.556541217034311,5.4,9342,15,1,6
744,673.7,-26.2539706216221,FALSE,1,0.580076640574348,6.5,7934,16,1,6
214,673.8,-26.2073049044839,FALSE,0,0.707944624625503,6.01,8000,17,0,9
949,673.9,-26.0553412839832,FALSE,0,0.523373925198884,6.16,8054,16,0,10
874,674,-25.9722014210296,FALSE,0,0.567928635073336,6.65,8739,15,0,5
944,674.4,-25.5929077635874,FALSE,1,0.658984661192343,5.58,8827,16,1,3
514,675.3,-24.6855265644758,FALSE,1,0.636422949510893,6.56,8465,16,0,11
567,675.7,-24.2771645185674,FALSE,1,0.597152755317066,5.54,8589,16,1,6
662,675.7,-24.2696048954434,FALSE,0,0.613544119576761,5.85,7576,15,1,9
615,675.9,-24.0877917270637,FALSE,0,0.695823165417738,5.67,9371,15,0,8
922,676,-24.000641320641,FALSE,0,0.513013069732349,6.31,4341,15,1,5
225,676.3,-23.676433459181,FALSE,1,0.659917900268563,6.2,10355,15,0,9
251,676.3,-23.6983131724854,FALSE,1,0.517502221137818,5.11,8246,15,0,9
64,676.7,-23.2965750473678,FALSE,1,0.613661655686582,5.76,9185,14,1,6
857,676.7,-23.3370189010113,FALSE,1,0.57014304117128,5.29,8078,15,0,11
205,676.8,-23.1739338384923,FALSE,0,0.674728836002121,5.37,5332,15,1,4
503,676.9,-23.0746576452891,FALSE,0,0.512971919468486,6.82,11019,15,0,9
117,677.5,-22.5098658814771,FALSE,1,0.654727388911754,6.69,5871,15,1,5
581,677.5,-22.5453512974264,FALSE,1,0.581626670672633,6.04,11425,14,0,8
782,678,-21.9870333615403,FALSE,1,0.60316882159385,5.87,4181,15,0,5
66,678.2,-21.8182665386083,FALSE,1,0.532185575965952,6.53,6715,16,1,8
710,678.2,-21.849293498247,FALSE,1,0.649333226942242,6.07,8798,16,0,9
849,678.4,-21.6479736680924,FALSE,1,0.510064235784361,6.67,7495,16,1,11
589,678.8,-21.2451472709422,FALSE,0,0.741841182943457,5.96,3000,14,1,9
96,679.2,-20.8488653881815,FALSE,1,0.734720047873784,5.4,6551,16,0,3
170,679.4,-20.5554109745422,FALSE,0,0.627338327934611,6.06,7539,15,1,6
33,679.6,-20.3778859811157,FALSE,0,0.638010185715282,6.6,8913,15,1,10
768,679.6,-20.443015212127,FALSE,1,0.704334129148894,6.09,5111,16,0,7
614,680,-19.9942845940598,FALSE,1,0.510526722267246,5.95,8598,15,1,7
272,680.2,-19.7864714608156,FALSE,1,0.686203890772782,6.22,6807,15,1,9
834,680.2,-19.8306284912293,FALSE,1,0.594892738726047,5.85,7361,15,1,13
871,680.2,-19.7544206984766,FALSE,1,0.626884983965715,6.06,8750,14,0,8
983,680.2,-19.8061941122423,FALSE,0,0.630163897271864,5.11,7499,16,0,6
231,680.5,-19.4500233240067,FALSE,0,0.56260150178827,5.47,5468,16,0,3
56,681.5,-18.5138151848766,FALSE,0,0.503647903511772,7.02,9568,15,0,6
848,681.6,-18.4456119005947,FALSE,0,0.547661227166027,5.44,7976,15,1,5
203,681.7,-18.3481588847457,FALSE,1,0.594488864639848,6.62,7496,14,0,5
103,681.8,-18.222777678175,FALSE,0,0.49422969543795,5,7891,15,1,10
395,681.8,-18.2018181022804,FALSE,0,0.630126737624321,5.04,8466,14,1,7
14,681.9,-18.0653219543161,FALSE,1,0.467244145857479,5.93,8392,15,0,6
257,681.9,-18.1483671278182,FALSE,1,0.643075008498562,5.73,8436,15,0,5
747,681.9,-18.1469785701224,FALSE,0,0.523587904205217,5.43,10115,16,1,8
13,682.3,-17.7149279524939,FALSE,1,0.506312876363303,6.53,8317,16,0,7
554,682.3,-17.7356227439951,FALSE,1,0.633960863534553,6.61,5778,14,1,7
872,682.4,-17.6094964857176,FALSE,0,0.571012625744034,6.15,8021,16,0,7
286,682.5,-17.5281550520704,FALSE,0,0.733105894946211,6.79,8767,14,0,8
166,682.8,-17.2110264428716,FALSE,0,0.569516379695255,6.97,6733,16,1,4
506,682.8,-17.1835121293502,FALSE,0,0.603142463965501,6.42,8525,15,1,11
328,682.9,-17.1304615748725,FALSE,0,0.67733350500679,6.11,7332,15,0,7
290,683,-16.9715599343695,FALSE,1,0.601102118760634,5.48,8415,15,1,5
606,683.1,-16.8723295334344,FALSE,1,0.693415106653936,5.59,8136,17,1,6
795,683.2,-16.8325288623248,FALSE,1,0.498544745353967,5.98,7068,14,1,7
52,683.5,-16.4960128234414,FALSE,0,0.553290850153284,6.71,11894,14,0,8
833,683.7,-16.2522062189495,FALSE,1,0.668025758589821,6.61,4496,16,1,8
134,683.8,-16.1901867383369,FALSE,1,0.560405173073475,6.53,9806,14,0,9
598,683.8,-16.1782008669767,FALSE,0,0.599695795599477,5.7,4579,14,1,6
63,684.1,-15.9030890137344,FALSE,0,0.545528203303278,5.78,5890,15,0,9
116,684.1,-15.9191310105923,FALSE,1,0.568246011951949,6.13,7779,15,1,7
822,684.6,-15.3749092977316,FALSE,0,0.615030828496036,6.26,9860,16,0,11
404,684.8,-15.2146395714821,FALSE,0,0.674876510798784,6.04,9841,15,1,11
918,685.1,-14.903739655388,FALSE,0,0.596976499298508,6.13,5954,15,1,6
376,685.2,-14.7737850576099,FALSE,0,0.59355472488433,5.82,8746,16,1,11
919,685.2,-14.7975488405754,FALSE,1,0.568240883445734,5.87,8999,16,0,9
302,685.4,-14.6362204349547,FALSE,1,0.490595663403134,5.86,10066,16,1,4
602,685.7,-14.2507823208208,FALSE,0,0.686221690213158,6.2,10241,15,1,8
959,685.7,-14.3475981118426,FALSE,1,0.607282634059561,7.41,5399,15,0,11
648,685.9,-14.1242965428373,FALSE,1,0.627891195211905,6.35,7543,16,1,5
755,686,-14.0350096480086,FALSE,0,0.589462566033323,5,7816,15,0,11
483,686.1,-13.8858784004389,FALSE,1,0.522305193094106,5.53,8626,15,0,13
939,686.7,-13.2947246601445,FALSE,0,0.602979036343057,6.62,3522,14,1,3
22,686.8,-13.1745261540672,FALSE,1,0.561733777274471,6.02,7174,16,1,5
128,686.8,-13.2331323046758,FALSE,1,0.641036048045426,6.6,10549,14,1,4
273,686.9,-13.0873465378658,FALSE,0,0.582433443290939,6.26,6416,14,1,10
627,686.9,-13.0548641361124,FALSE,0,0.472052997708452,6.01,8169,15,1,3
775,686.9,-13.1150023279883,FALSE,1,0.601029727633299,6.13,4836,16,0,3
994,687,-13.0355362148644,FALSE,1,0.596374910557253,5.13,9956,14,0,12
831,687.2,-12.8256469922563,FALSE,1,0.615789534089208,5.5,10405,15,1,5
565,687.3,-12.7319534542227,FALSE,1,0.694004567513152,5.24,8488,16,0,7
956,687.4,-12.5553020695852,FALSE,1,0.742396206973512,6.34,8140,15,1,15
596,687.5,-12.450454319303,FALSE,1,0.665406670020127,5.7,3479,15,0,12
301,688.1,-11.8873662688895,FALSE,0,0.473728393116299,6.57,7706,15,1,6
731,688.1,-11.8710580897721,FALSE,1,0.793185592151777,5.77,8174,15,0,16
61,688.7,-11.3176552650571,FALSE,0,0.697384501726888,5.74,10281,15,0,3
864,688.7,-11.3393712853835,FALSE,1,0.614550301044241,6.52,9851,14,1,9
264,688.9,-11.0624823269516,FALSE,1,0.699008907180187,6,8381,17,1,8
923,689.2,-10.8133620066848,FALSE,0,0.651841479472389,5,8297,16,1,9
715,689.5,-10.5421906953231,FALSE,1,0.688942565595146,5.74,9684,15,0,7
420,690,-9.96398245042644,FALSE,1,0.565556269821283,6.65,8798,15,0,7
265,690.1,-9.89104014953591,FALSE,0,0.539700343198413,5.62,8638,15,1,7
356,690.1,-9.9195023938878,FALSE,1,0.478861863933258,5.79,9078,14,1,10
717,690.2,-9.81247559148551,FALSE,0,0.627912501442615,7.28,10128,15,0,7
209,690.4,-9.64706066823214,FALSE,0,0.38839696489999,5.78,7547,15,1,11
894,690.7,-9.3114728187993,FALSE,0,0.681929222859596,6.26,11962,14,1,6
471,691.2,-8.76309119575092,FALSE,0,0.539542626860095,6.92,4511,14,0,8
674,691.5,-8.4733565052461,FALSE,1,0.648578286885065,6.78,7944,15,1,5
561,691.6,-8.3795376476952,FALSE,1,0.672004874263555,5.6,8496,15,1,8
254,691.7,-8.27878822795901,FALSE,1,0.674474013303998,7.41,8000,15,0,8
136,692,-8.02061616662672,FALSE,1,0.552771632011849,5.99,7523,15,0,8
300,692,-8.03779990917133,FALSE,1,0.637758430281018,5.6,9223,16,0,4
838,692.3,-7.69588666954382,FALSE,1,0.666878054394443,6.09,13071,15,1,13
885,692.4,-7.58308055992632,FALSE,1,0.587591854265047,5.96,9613,17,0,10
955,692.5,-7.50220778174491,FALSE,1,0.656309062267991,6.69,4385,15,0,6
636,692.6,-7.44829418943073,FALSE,1,0.512109143176062,5.76,8017,16,1,8
941,692.7,-7.30584141156521,FALSE,0,0.546980684708983,5.77,7015,16,1,5
980,692.7,-7.28375693631813,FALSE,0,0.50976537854689,5.1,11503,16,0,12
754,692.8,-7.22978005753407,FALSE,1,0.569720991390359,5.99,5922,15,1,9
4,693.2,-6.77990279588607,FALSE,1,0.570068227121112,6.34,9539,15,1,12
425,693.2,-6.76433684380663,FALSE,1,0.547906000062422,6.16,11446,16,0,8
534,694,-5.9682804432299,FALSE,0,0.566722498825079,5.96,5717,14,1,3
416,694.5,-5.54451255308152,FALSE,0,0.567814580901944,5,10309,15,0,4
951,694.6,-5.39133279286455,FALSE,1,0.663936184151161,5.09,7596,14,1,10
730,695,-4.95550294759812,FALSE,1,0.563363979801727,5.86,5489,15,0,16
85,695.6,-4.41983401788457,FALSE,0,0.482488832193605,5.86,10570,16,1,5
131,696.3,-3.69430438268364,FALSE,1,0.574770528370424,6.56,8892,15,0,8
505,696.4,-3.63792218830883,FALSE,0,0.630396341321494,6.02,6339,14,0,11
524,696.7,-3.33213123372445,FALSE,1,0.555626753730407,6.33,9427,15,0,4
907,697.9,-2.13639532780587,FALSE,0,0.678196518699644,6.86,9256,14,1,3
246,698.3,-1.69723996760274,FALSE,1,0.705662257144123,5.9,11110,16,0,3
337,698.6,-1.38794498114839,FALSE,0,0.716988763041996,5.63,8348,15,0,13
982,698.8,-1.20462137495394,FALSE,0,0.494292910053145,5.82,8148,16,0,12
180,698.9,-1.09904962635198,FALSE,1,0.723016944369735,5.67,4580,14,0,13
899,699,-0.996719256695883,FALSE,1,0.768252605438568,5.07,6935,14,1,12
87,699.1,-0.887737800292712,FALSE,1,0.551332922904088,6.26,4929,15,1,13
349,699.1,-0.911247870885973,FALSE,0,0.477783677154963,6.25,9052,15,0,8
159,699.3,-0.665135691396472,FALSE,0,0.506364604339824,5.98,7893,15,1,8
299,699.5,-0.540269179635743,FALSE,0,0.676966674921014,5,10384,16,1,8
245,699.6,-0.360935323331432,FALSE,1,0.513919803227474,5.74,7062,16,0,10
663,699.8,-0.17628839204508,FALSE,1,0.489393108638651,6.65,6282,15,1,9
603,700.3,0.26316809400555,TRUE,1,0.704388344868905,6.78,8520,15,1,9
72,700.4,0.43490355806091,TRUE,1,0.696922214707226,7.16,7667,15,0,8
868,700.6,0.60451858660781,TRUE,1,0.719581693510402,6.46,12688,15,0,11
706,700.7,0.716862615726541,TRUE,1,0.944630452255772,7.02,8005,15,1,4
767,700.8,0.800444038687829,TRUE,1,0.807668972822038,6.9,4341,15,1,11
852,701.1,1.11471391357679,TRUE,1,0.849480840229552,6.15,13237,15,0,12
953,701.1,1.09674000706468,TRUE,1,0.733942149678104,7.92,8283,15,1,7
332,701.2,1.24081428928446,TRUE,0,0.667113573633186,6.17,6320,15,0,5
388,701.3,1.25848090258194,TRUE,1,0.718308126976529,5.7,9673,16,1,3
267,701.5,1.52345472122533,TRUE,1,0.890152240356788,6.85,4801,15,0,7
151,701.9,1.94614009511054,TRUE,1,0.791327236559638,5.96,5873,17,1,7
295,702,2.04324430431245,TRUE,0,0.765409771096982,7.67,12012,15,1,6
877,702.3,2.29985908336789,TRUE,1,0.902305496660954,6.35,7914,15,0,3
617,702.7,2.73642782479067,TRUE,1,0.721370339942357,7.4,9964,14,1,5
938,702.8,2.80849597650331,TRUE,1,0.709352447518431,6.98,10159,14,1,9
200,703.3,3.33229327086076,TRUE,1,0.801352385299046,7,8115,14,1,9
847,703.3,3.33192682228832,TRUE,1,0.782886084923634,6.38,8807,15,0,14
434,703.6,3.58247868368574,TRUE,1,0.803500941754255,7.22,7124,16,0,3
368,703.7,3.7037993819323,TRUE,0,0.648219387724179,5.78,7305,16,0,11
798,703.8,3.77383105267461,TRUE,0,0.69869172752354,6.74,6900,14,0,6
25,703.9,3.85654465803555,TRUE,1,0.737854788671409,7.56,9872,16,1,8
809,704,4.01740632295252,TRUE,1,0.664315540423222,7.15,6812,15,1,6
454,704.4,4.44353040711917,TRUE,1,0.676364383667714,6.97,4604,16,1,8
509,704.6,4.56575324232813,TRUE,1,0.712829714634579,7.23,9374,14,0,7
28,704.7,4.6516669807437,TRUE,1,0.844283432865228,7.21,7964,15,0,4
992,704.8,4.80911394673547,TRUE,1,0.815125161067155,6.37,9780,14,0,8
175,705.5,5.46860726944772,TRUE,0,0.744739024522178,7.74,12143,15,1,4
964,705.5,5.46969084062619,TRUE,1,0.793395857034305,6.66,5963,15,0,12
221,705.6,5.63651856418323,TRUE,0,0.904560521300515,6.95,6389,15,0,7
547,705.7,5.68309482890982,TRUE,0,0.755055219552995,6.9,8797,14,1,8
929,705.8,5.76348791959515,TRUE,0,0.646612703961387,5.94,8173,14,0,9
639,706.2,6.2146068766308,TRUE,0,0.800609672503372,7.14,8592,14,1,7
448,706.3,6.26208835847774,TRUE,1,0.815907150352316,6.44,9681,15,0,11
984,706.3,6.28160157005743,TRUE,0,0.713569288117889,5.98,8007,17,0,10
284,706.4,6.36475994844295,TRUE,1,0.718113740594809,6.17,6216,15,1,8
761,706.6,6.62562732481126,TRUE,1,0.848441041213062,6.73,8213,15,0,11
437,707.2,7.23426611661807,TRUE,1,0.604003327908352,6.76,6977,16,0,15
716,707.2,7.21440311961783,TRUE,1,0.760405780678046,6.1,7505,15,0,11
752,707.9,7.86396187978426,TRUE,1,0.794216494024809,6.68,8085,15,1,9
969,707.9,7.93774877704993,TRUE,1,0.95,6.79,8191,14,0,6
685,708.1,8.11610275692408,TRUE,1,0.841033810590906,6.44,8966,16,1,7
242,708.8,8.83369515573304,TRUE,1,0.715162968272947,7.13,14443,15,1,7
592,708.8,8.81783446278985,TRUE,1,0.758711752841831,7.11,6648,15,0,6
653,708.8,8.83296509502111,TRUE,0,0.651151363868827,7.01,10100,17,1,7
569,709,9.02178091944756,TRUE,1,0.937606449546581,7.28,7154,15,0,11
9,709.1,9.0843553037846,TRUE,1,0.712119202128129,6.97,9807,15,0,5
477,710,9.99628746551855,TRUE,1,0.70635943976447,7.09,7473,14,1,10
881,710.3,10.3464935944384,TRUE,1,0.74638739870088,7.37,11430,14,1,3
713,710.4,10.40603861182,TRUE,1,0.63887293680763,6.86,9994,15,1,10
59,710.7,10.7165025255649,TRUE,1,0.649634901846532,5.75,6135,15,0,8
507,710.8,10.784360993452,TRUE,1,0.752882171609973,7.75,9755,14,0,11
634,710.8,10.834359272337,TRUE,1,0.738893732238122,6.98,8077,14,1,7
176,711,10.9619914252679,TRUE,0,0.786556737190654,6.64,9265,16,0,8
3,711.1,11.1390492015419,TRUE,1,0.859898863539398,7.23,12031,15,1,13
247,711.1,11.0801386385259,TRUE,1,0.833292253618162,6.11,11318,16,0,11
409,711.2,11.2240980249163,TRUE,1,0.870437588854544,6.41,8135,15,0,6
935,711.6,11.6127977329296,TRUE,1,0.681063528617111,6.16,5087,16,1,9
381,711.7,11.7202246812951,TRUE,1,0.755916202041334,6.02,10223,17,1,13
70,711.9,11.8568035434031,TRUE,1,0.800507477813982,5.72,11368,15,0,10
633,711.9,11.8725911269305,TRUE,1,0.895035045178937,6.11,8451,15,1,11
888,712.1,12.1253937907895,TRUE,1,0.702466312466959,6.94,10292,15,1,10
578,712.3,12.2647314944469,TRUE,0,0.711550947545483,6.63,5798,15,0,8
142,712.6,12.577312132114,TRUE,1,0.775607409098998,7.56,8749,16,0,10
750,713,12.9881954161557,TRUE,1,0.827640012693285,6.43,12268,14,0,7
704,713.1,13.107219971675,TRUE,1,0.643093735024419,6.92,7196,16,0,9
32,713.3,13.3113620490041,TRUE,0,0.761336332007108,7.09,7806,16,1,6
62,713.4,13.386391971905,TRUE,0,0.815222860391286,6.67,9556,15,0,4
845,713.5,13.5011694667755,TRUE,1,0.674196625175557,6.13,8252,16,0,7
570,714.4,14.4205249119121,TRUE,1,0.820915623128047,6.94,6606,15,0,11
35,714.6,14.5946250262108,TRUE,1,0.844512804775801,6.88,6160,14,0,13
415,715.1,15.1406211167539,TRUE,1,0.884331341357529,7.04,9078,15,1,7
729,715.1,15.0678025245279,TRUE,1,0.796295328059162,6.72,8184,16,0,9
763,715.5,15.5022333019851,TRUE,0,0.768602282959422,7.1,6175,14,1,13
322,715.6,15.5988470582508,TRUE,1,0.613071796545673,7.27,7030,15,0,8
620,715.6,15.6331489772164,TRUE,1,0.825601631780035,6.8,11180,15,0,15
966,715.7,15.7371473467571,TRUE,1,0.846516047077892,6.64,11505,15,0,7
372,715.8,15.7938144611248,TRUE,1,0.746326506306308,6.55,11030,15,1,10
863,715.9,15.9330931615206,TRUE,1,0.751885169441039,7.08,5835,15,1,6
422,716,16.0495301114755,TRUE,1,0.745974894751254,6.76,10297,14,1,7
357,716.3,16.3311576245139,TRUE,1,0.724401411676611,7.25,4502,15,0,11
511,716.3,16.2930761821011,TRUE,1,0.845262542874858,6.84,5150,16,0,9
552,716.6,16.6031320278385,TRUE,1,0.666030003331916,6.67,3990,15,0,7
712,716.6,16.5929266164268,TRUE,1,0.738458164464033,6.92,4846,15,1,12
655,717,17.0349319920447,TRUE,1,0.727884329718914,7.47,6563,14,0,8
185,717.2,17.2475366779722,TRUE,1,0.813764175453845,5.99,11647,15,0,9
18,717.4,17.405147064631,TRUE,1,0.754046806179781,6.39,10070,15,1,7
958,717.8,17.7590687256215,TRUE,1,0.797098594001037,7.06,9375,15,0,6
535,718.2,18.2235119769311,TRUE,1,0.660981561786107,6.13,10612,14,0,5
995,718.4,18.4198442094632,TRUE,1,0.691498229489476,6.93,9497,15,0,5
123,718.5,18.5165090412281,TRUE,1,0.793632430344028,5.93,8488,15,0,9
870,718.7,18.6535897262743,TRUE,1,0.771069490329722,7.22,6186,16,1,4
826,718.9,18.8864924452337,TRUE,1,0.741741410342648,7.17,7573,16,1,8
149,719,18.9712121820806,TRUE,1,0.764548864761846,6.97,12165,15,0,8
808,719.4,19.4229712809553,TRUE,1,0.715238899809443,6.76,5822,15,0,9
901,719.4,19.3606125750521,TRUE,0,0.732413163619649,7.1,6124,14,1,16
878,719.7,19.7026214031137,TRUE,0,0.768421514457736,5.74,9822,15,1,10
577,720.1,20.0627963734629,TRUE,1,0.784837443530816,6.68,9300,14,0,6
976,720.3,20.2546863400141,TRUE,1,0.724052470713118,6.61,8743,14,1,11
261,720.6,20.6101496559166,TRUE,1,0.727730172224186,6.84,10169,15,0,3
652,720.7,20.6513586001531,TRUE,1,0.877887585231346,7.13,7993,14,0,11
183,720.8,20.8419645243873,TRUE,1,0.905826444090116,6.41,9773,15,0,9
382,721,20.9557798804919,TRUE,0,0.754300992466382,6.7,7302,15,0,10
241,721.1,21.0595989772003,TRUE,1,0.766451894166542,6.41,10838,15,0,6
974,721.2,21.2422900517799,TRUE,1,0.869852810884869,6.45,7596,15,0,9
651,721.9,21.8980065859517,TRUE,0,0.792176060222712,6.58,4711,14,1,12
390,722,22.0168910371984,TRUE,1,0.664902057285165,6.07,11707,15,1,3
817,722,22.0201162298486,TRUE,1,0.624247595169959,7.5,9362,15,1,4
586,722.2,22.1662479322771,TRUE,1,0.76793877529259,7.54,8321,15,0,8
667,722.2,22.239710611896,TRUE,1,0.747310371412442,6.24,8833,15,0,3
827,722.4,22.4138589904506,TRUE,1,0.749002420657427,7.44,3820,15,0,9
927,722.7,22.7101839037714,TRUE,1,0.715523516807444,7.54,5182,14,1,12
858,722.9,22.8723213665864,TRUE,1,0.749696339893456,6.37,8124,14,1,9
913,723,22.9733166648128,TRUE,1,0.784514729803733,7.5,10527,15,1,11
703,723.1,23.0644269965009,TRUE,0,0.730729701536829,7.21,7940,15,0,8
989,723.1,23.1370857386696,TRUE,1,0.794143474861028,7.09,4967,16,1,10
707,723.3,23.3151783290368,TRUE,0,0.77238302472321,6.18,8748,14,0,6
781,723.6,23.6467652236022,TRUE,0,0.931349769844974,6.68,9050,15,0,4
892,723.7,23.7255093450474,TRUE,1,0.664337761663268,6.94,11555,14,0,3
492,723.9,23.9375250250499,TRUE,1,0.855498366182804,6.08,10486,15,1,8
769,724.1,24.1439369975301,TRUE,1,0.732157338817379,7.79,9301,14,1,11
44,724.5,24.5371281718144,TRUE,1,0.637028117351793,7.45,6351,15,0,5
785,724.6,24.6422871187009,TRUE,1,0.882540530413162,7.27,9103,15,1,10
859,724.6,24.6201628140927,TRUE,1,0.806207935148841,7.44,8139,14,1,7
453,725,24.9923571124402,TRUE,0,0.619558716061749,7,7767,16,0,7
449,725.3,25.2980187314373,TRUE,1,0.801158455853502,6.63,9935,15,1,8
549,725.8,25.7714614394954,TRUE,0,0.831893915321056,6.43,6104,15,1,14
576,725.9,25.9295882781853,TRUE,1,0.69623314175082,6.57,9382,15,1,5
373,726.1,26.125342757031,TRUE,1,0.822015813068218,6.8,10216,14,1,6
883,726.1,26.1450129745879,TRUE,1,0.780799897406182,7.03,13047,15,0,6
394,726.2,26.1708317836716,TRUE,1,0.862365006089032,6.27,12075,14,0,3
812,726.3,26.256949735601,TRUE,1,0.682161591477754,6.59,13214,15,0,5
397,726.4,26.4337225247747,TRUE,1,0.8348525132718,6.12,9568,16,1,11
502,726.4,26.4297167725227,TRUE,1,0.72034000351364,7.01,8141,16,0,7
34,726.6,26.6225887550328,TRUE,1,0.7206776050642,7.66,6676,14,0,9
753,726.7,26.7244449352562,TRUE,0,0.808406171622613,5.84,8371,16,1,9
147,726.8,26.7992564134865,TRUE,1,0.835166417658777,7.37,11751,16,0,3
152,726.8,26.770815132663,TRUE,0,0.570379368717548,6.55,11191,15,0,8
841,726.8,26.7857718917518,TRUE,1,0.735803449249407,6.82,10320,15,0,9
160,727.1,27.1135787162151,TRUE,1,0.916234821989233,7.12,6677,14,0,6
194,727.4,27.4286114920205,TRUE,1,0.95,6.82,10559,14,0,6
459,727.4,27.351084339889,TRUE,1,0.736121946203327,7.11,8963,15,0,3
924,727.4,27.3890172676962,TRUE,0,0.748324329467616,6.48,10270,15,1,12
178,727.7,27.7021257088417,TRUE,1,0.827343913281409,7.03,12475,14,0,5
461,728,27.9960666015231,TRUE,1,0.819261753094578,7.17,9894,15,1,6
466,728,28.0473759576745,TRUE,1,0.766656685132145,6.77,9180,15,1,9
619,728.1,28.1108469852693,TRUE,0,0.783474166823717,6.67,9061,15,0,8
271,728.2,28.1507746478411,TRUE,1,0.930177299171179,6.99,5330,14,0,8
540,728.2,28.1925915016554,TRUE,0,0.777374983047178,6.27,5202,15,1,8
928,728.2,28.1769588615986,TRUE,0,0.709095748651776,6.58,7267,15,0,7
740,728.3,28.2868110776506,TRUE,1,0.761034864777824,7.1,7202,17,1,8
594,728.6,28.5595213595579,TRUE,1,0.769918738802267,7.12,10689,16,0,3
336,728.9,28.9144600923212,TRUE,1,0.838754351564407,7.48,8945,15,1,9
342,728.9,28.9141962313406,TRUE,0,0.789030206873204,6.65,10997,15,0,8
329,729.1,29.0904851129737,TRUE,1,0.786595787947251,7.32,10305,15,0,9
234,729.4,29.4143291698426,TRUE,1,0.812200567063327,6.83,11580,14,1,10
100,729.6,29.5540728435557,TRUE,1,0.798467438621388,7.41,9911,14,1,8
691,729.6,29.5758873711043,TRUE,1,0.849006403304895,6.97,8736,16,1,3
141,729.7,29.7262568718443,TRUE,1,0.593305317024441,6.37,10378,15,1,4
800,729.8,29.8159200888341,TRUE,1,0.933508009700334,6.13,6668,14,0,7
189,730,30.0187597193193,TRUE,1,0.779053851656548,5.38,11522,15,0,7
666,730.1,30.1048862070475,TRUE,1,0.872668790731072,7.19,11847,16,0,7
711,730.3,30.3415720518573,TRUE,1,0.784394364391588,6.43,7900,15,1,10
140,730.6,30.624164481785,TRUE,1,0.709199919380253,6.86,8048,15,1,7
624,731.2,31.2036624673549,TRUE,0,0.719473907711326,6.29,10800,15,0,11
766,731.8,31.8134983714074,TRUE,0,0.810523502930916,7.17,6760,14,0,9
741,732,32.0044385346717,TRUE,1,0.853256215408898,6.51,8646,16,0,6
875,732.1,32.0641084787669,TRUE,1,0.778010480324687,6.7,7478,14,0,8
531,732.2,32.16624968926,TRUE,0,0.713762396298095,7.28,7948,15,0,9
239,732.3,32.2908644799936,TRUE,1,0.729199349125525,6.78,8964,14,0,9
537,732.5,32.4657701880325,TRUE,1,0.776593997090139,6.85,7068,14,0,6
232,733,32.9984941537981,TRUE,1,0.681350373037288,6.66,7729,15,0,8
419,733.7,33.7306701942115,TRUE,1,0.80173125714227,6.8,9879,15,1,10
588,733.8,33.7771322231257,TRUE,1,0.779572407307643,6.59,8268,16,0,3
50,734.1,34.1187548445558,TRUE,1,0.780407898866626,6.85,6066,14,0,10
987,734.3,34.327985360443,TRUE,1,0.764811040141566,6.96,10518,15,0,10
445,734.4,34.3691374752771,TRUE,1,0.749672473027682,6.42,9759,15,0,3
690,734.7,34.6671836736306,TRUE,1,0.805871594954114,6.51,8789,14,0,13
526,734.8,34.756436693128,TRUE,1,0.74264446265272,6.52,10931,14,0,10
856,734.8,34.8475194599107,TRUE,1,0.820908826307353,6.47,11620,15,1,10
745,735,35.0338781183831,TRUE,1,0.856102535688396,6.86,9369,15,0,3
680,735.1,35.0760871618089,TRUE,1,0.692358533248782,6.34,7604,16,1,4
135,735.3,35.3248110401905,TRUE,1,0.598264048992507,7.06,10557,15,0,13
625,735.3,35.3092545927744,TRUE,1,0.744559157086362,6.82,8562,15,1,8
75,735.5,35.4718413852618,TRUE,1,0.771726295458816,7.18,8554,15,1,8
497,735.5,35.4912790066757,TRUE,1,0.903198272696608,6.68,7271,14,0,7
998,735.9,35.9117148302213,TRUE,0,0.688347038245232,6.63,10314,16,0,9
54,736,35.951805263339,TRUE,1,0.780079375934623,7.56,5867,17,1,7
528,736,35.9948904055877,TRUE,1,0.766746767623203,5.48,11273,16,0,11
751,736,36.0495580655599,TRUE,1,0.800789595401608,6.68,11292,14,1,6
320,736.4,36.3767473400142,TRUE,1,0.739942251963023,6.91,10288,15,0,12
277,736.6,36.6435549320967,TRUE,1,0.648982597914831,6.2,8910,15,0,5
202,736.7,36.6872918149439,TRUE,1,0.821210889660799,7.43,13120,14,0,7
629,736.8,36.811525365159,TRUE,1,0.724917218313142,6.33,7759,14,0,8
126,737.5,37.5078352108425,TRUE,1,0.785825024504944,7.68,9365,15,1,8
341,737.9,37.9115564637341,TRUE,1,0.714551183612838,6.23,10776,16,1,11
541,738,38.0128913033064,TRUE,1,0.754854062761432,7.73,10840,16,0,6
676,738.1,38.0988367710019,TRUE,1,0.866130615221038,7.1,6211,15,0,11
370,738.8,38.807356149499,TRUE,1,0.775666105531695,6.85,8994,14,1,8
340,738.9,38.8956007939228,TRUE,1,0.74321327525617,7.4,12446,15,0,10
229,739.4,39.4075089473311,TRUE,1,0.708848303271947,7.18,8652,15,0,13
377,739.4,39.3683462023265,TRUE,1,0.870443461415707,6.9,10327,15,0,13
384,739.4,39.3731225955063,TRUE,1,0.714179800151134,7.19,10090,15,1,6
233,739.9,39.853224748704,TRUE,1,0.830523270009537,6.57,8549,15,1,8
154,740,40.0300090833277,TRUE,1,0.803930001922695,6.27,8252,15,1,4
628,740,39.965523449735,TRUE,1,0.706910312613135,6.81,7728,15,0,11
893,740,39.9668157887986,TRUE,0,0.710553220669504,7.46,9466,15,0,12
138,740.3,40.2597870866121,TRUE,1,0.947981952904489,7.16,5654,15,0,13
604,740.9,40.9292132413611,TRUE,1,0.856373060896044,7.02,8359,15,1,9
285,741,41.0074509845402,TRUE,1,0.662416452330713,7.64,7819,14,0,13
411,741,41.0453439609927,TRUE,0,0.738485465391709,6.77,11148,15,1,9
451,741.5,41.5124496025654,TRUE,1,0.95,7.92,6565,15,0,13
1,741.6,41.6471258334818,TRUE,1,0.905873794238926,6.46,10518,14,0,9
71,741.6,41.5597344599341,TRUE,1,0.856971849731931,7.06,10457,15,1,16
865,741.9,41.9442678822061,TRUE,1,0.789118659322735,6.62,12456,15,0,8
114,742.6,42.6258034519535,TRUE,1,0.757037832668167,7.28,10939,16,1,7
371,742.6,42.5555578721346,TRUE,1,0.866095130171792,7.82,9753,15,0,4
294,743.1,43.1146572530654,TRUE,1,0.749738991852351,6.62,11680,16,0,9
705,743.5,43.4964651545542,TRUE,0,0.707432915441133,6.35,7772,16,0,9
553,743.8,43.8273924003787,TRUE,1,0.738072480337535,6.56,5786,15,0,12
948,743.8,43.8348751177878,TRUE,1,0.834935945015436,8.08,6662,15,0,8
544,743.9,43.8958343876994,TRUE,0,0.648018184541938,7.04,8123,15,0,6
129,744.2,44.1733250058251,TRUE,1,0.836271173285394,7.38,11207,15,1,5
402,744.2,44.2168322455739,TRUE,1,0.608826234238213,6.84,11339,16,1,12
686,744.3,44.262386724119,TRUE,1,0.848101349427345,7.63,8355,14,1,6
309,744.6,44.5553821768415,TRUE,0,0.821058369325275,6.54,12547,15,0,9
106,744.9,44.946311275687,TRUE,1,0.797461961009316,7.68,8126,16,0,7
866,744.9,44.916611262884,TRUE,1,0.804184224478152,7.31,10122,15,1,9
429,745.3,45.2708553888712,TRUE,1,0.608181041041051,7.12,8988,16,0,13
442,746.1,46.0868351339039,TRUE,1,0.814471058225657,6.53,8462,16,0,8
39,746.2,46.1802648285923,TRUE,1,0.769563376837383,7.72,10213,15,1,13
155,746.2,46.1526292364362,TRUE,1,0.791970278403922,6.79,12039,14,1,13
191,746.4,46.438445863702,TRUE,1,0.527047754438043,7.45,8905,16,1,8
339,746.9,46.9353099874015,TRUE,1,0.805200040363566,8.15,12117,14,0,9
133,747.1,47.1204599380014,TRUE,1,0.772949216893922,6.43,10251,16,0,13
724,747.2,47.1695678065322,TRUE,1,0.733735449433615,6.89,9177,14,0,10
760,747.2,47.1900379787419,TRUE,1,0.874073526045898,7.29,11107,14,1,11
37,747.5,47.4794280582294,TRUE,1,0.749806572404359,7.2,11024,16,1,8
583,747.5,47.530154169827,TRUE,1,0.703496717978293,7.42,9800,15,0,13
413,747.8,47.7779133159565,TRUE,1,0.75613935332192,7.32,12142,15,1,11
732,747.9,47.9284321039477,TRUE,1,0.75560496553804,7.69,9325,15,0,12
310,748.1,48.1108903729772,TRUE,1,0.724660796846625,6.88,8977,15,1,15
347,748.1,48.1391721179904,TRUE,1,0.806964535605616,7.68,9868,14,0,10
735,748.3,48.2910377917115,TRUE,1,0.726224642281246,7.43,9702,16,0,8
167,748.4,48.4204904411209,TRUE,1,0.738603364870742,6.9,7583,15,0,10
350,748.4,48.4028768549696,TRUE,0,0.656483704729051,6.69,12412,14,1,9
275,748.5,48.4750571106654,TRUE,1,0.615609073402756,7.35,11950,16,1,12
217,748.7,48.6936137428341,TRUE,0,0.722219260379572,6.68,11624,16,1,12
580,748.8,48.8433295329057,TRUE,1,0.756350164429967,6.34,11451,15,1,7
641,748.9,48.9394783154162,TRUE,1,0.762871417009747,7.56,6982,15,1,11
262,749,49.0497406921966,TRUE,1,0.639346349385904,6.74,9416,16,0,9
186,749.1,49.0723700873591,TRUE,1,0.791669761879429,7.29,6955,14,0,12
238,749.1,49.1232832041973,TRUE,1,0.822809623351569,7.32,12601,16,0,6
17,749.3,49.3126516679976,TRUE,1,0.768038678866621,7.21,6974,15,0,6
932,749.3,49.2799314156625,TRUE,1,0.73985690476653,6.06,10079,14,0,12
611,749.5,49.53852641153,TRUE,1,0.76394677965409,6.2,6451,14,0,6
281,749.6,49.5770079485141,TRUE,1,0.703747370534285,7.58,10256,15,1,5
387,749.8,49.7901096693034,TRUE,1,0.748638526472896,7.16,9461,15,0,5
369,749.9,49.8694518962031,TRUE,1,0.767296819468079,6.24,10874,15,1,13
946,749.9,49.8725778228209,TRUE,1,0.690128242501699,7.11,8517,16,0,16
708,750.6,50.5680178399106,TRUE,0,0.718168211846217,7.45,11066,14,1,8
457,750.7,50.7460568863844,TRUE,0,0.653310025107225,7.66,7791,15,0,5
925,750.7,50.6868738279845,TRUE,0,0.717285658030422,6.84,8189,14,1,8
481,751.4,51.3766852648897,TRUE,1,0.771527141910295,7.35,8323,15,1,6
846,751.4,51.376096521439,TRUE,1,0.763824637928178,7.15,9916,16,0,7
29,751.6,51.6262529420137,TRUE,0,0.663469700255121,6.93,11257,16,0,11
518,751.6,51.5539699003315,TRUE,0,0.806787452982548,6.79,9359,14,1,6
977,751.6,51.5693680970203,TRUE,1,0.893210014991104,7.9,6881,14,1,11
188,752.6,52.6468720596145,TRUE,1,0.89643307548605,7.17,10412,16,1,6
566,752.7,52.653667357813,TRUE,0,0.782185244040777,7.13,5954,16,1,6
742,753.3,53.3392059351455,TRUE,1,0.891605933481975,6.98,11561,15,1,7
695,754.6,54.6168409713331,TRUE,0,0.664542420204949,7.15,10685,15,0,6
78,755,55.0159168449234,TRUE,1,0.725307721013891,8.04,11688,14,1,7
252,755.1,55.057504267971,TRUE,1,0.726770283026439,7.28,10698,14,0,12
20,755.2,55.1797422100656,TRUE,1,0.635162670730539,6.19,7913,15,0,9
568,755.7,55.7250241506133,TRUE,1,0.763188914917285,7.48,8916,15,1,10
441,755.9,55.8534490177881,TRUE,1,0.659459742275582,7.74,7900,15,0,9
584,756,56.0094625274916,TRUE,1,0.892401334125474,6.12,9576,16,1,5
230,756.1,56.0606669865795,TRUE,1,0.69873892765774,6.81,6970,14,0,4
906,756.2,56.1599060481283,TRUE,1,0.755397542725154,7.17,8168,14,0,12
326,756.3,56.3423300491464,TRUE,1,0.713859542149394,6.6,8426,16,1,11
765,756.3,56.2771471855992,TRUE,1,0.77809436486283,6.7,11157,16,1,8
999,756.4,56.3504918341997,TRUE,0,0.8196549822525,7.63,4826,15,1,11
47,756.9,56.9428894280575,TRUE,1,0.697386424514136,7.78,10395,16,1,8
579,757.2,57.2183444796817,TRUE,0,0.769662390981146,6.89,9128,14,1,6
697,757.3,57.2989529396023,TRUE,1,0.725457927876886,7.27,9057,15,1,15
464,757.4,57.4125522903672,TRUE,1,0.946237944222228,6.54,10018,14,1,11
456,757.5,57.5064612917741,TRUE,0,0.839781299340327,5.89,8158,14,1,13
770,757.9,57.88672650311,TRUE,1,0.779180768109619,7.21,8432,15,1,8
869,758.3,58.2867284000322,TRUE,1,0.797791184455896,8.13,12717,16,1,9
244,758.7,58.6647610906482,TRUE,1,0.706652708078614,7.47,8642,14,0,12
346,758.9,58.8698517209443,TRUE,1,0.689797081689503,6.86,7378,14,0,16
319,759,58.9910840068393,TRUE,1,0.791067107158966,7.82,8321,16,0,7
236,759.1,59.1053214171495,TRUE,1,0.90173266105229,6.45,9368,15,0,6
638,759.6,59.5861886039789,TRUE,1,0.920673186295379,6.77,10153,15,0,5
805,759.7,59.6949353346974,TRUE,1,0.879971115281448,7.02,9537,16,1,6
380,760.5,60.49012473676,TRUE,0,0.73889727706884,7.23,10846,15,0,12
432,761.5,61.5114688657975,TRUE,1,0.76219106111592,6.67,11381,14,1,8
164,761.9,61.9454560659919,TRUE,0,0.641933629001916,6.77,8413,14,1,7
148,762.1,62.0683265533125,TRUE,1,0.806331604935903,6.93,8745,15,1,3
325,762.1,62.0567490889973,TRUE,1,0.851567678559745,7.17,9657,15,0,12
42,762.2,62.2399019204971,TRUE,1,0.784244213738481,6.89,8303,14,1,7
792,762.4,62.4071956645246,TRUE,0,0.62784902315719,7.41,8380,14,1,9
212,762.5,62.4534616686226,TRUE,1,0.606715337804979,6.59,10169,14,1,10
216,762.5,62.4747259493472,TRUE,0,0.767081471196607,7.03,5293,14,0,8
80,762.8,62.8135578139156,TRUE,1,0.882949797859594,6.53,7306,14,0,9
610,763.1,63.070841678376,TRUE,0,0.673358542815629,8.02,6843,15,1,10
522,763.4,63.4163294828096,TRUE,1,0.749557824412347,6.78,11669,14,0,7
542,763.4,63.3524086807444,TRUE,1,0.798086252422245,6.75,9518,16,0,4
49,763.9,63.9489774971607,TRUE,1,0.780497245182879,7.05,10785,14,1,12
488,765.2,65.1649301239275,TRUE,0,0.852874430673029,7.13,8887,16,0,11
543,766.5,66.5016823760616,TRUE,1,0.765396731093757,7.14,10567,16,1,10
908,767,66.9867574122967,TRUE,1,0.774176940716555,7.31,9712,15,1,8
143,767.8,67.83519119803,TRUE,0,0.733962061753681,7.95,12528,15,0,12
86,767.9,67.9354530162173,TRUE,1,0.772418743668299,7.34,8142,14,0,9
621,768.8,68.7703941371045,TRUE,1,0.904826168994262,7.04,7656,14,1,8
975,768.8,68.7895185780624,TRUE,1,0.728440652518889,7.26,13010,16,0,11
759,769.2,69.2060382331841,TRUE,0,0.690938502051883,6.94,10599,15,0,8
659,769.3,69.2535107446317,TRUE,1,0.807625244410526,6.76,9126,15,0,5
414,769.4,69.4288320483491,TRUE,0,0.772504878176456,7.47,12519,15,1,5
274,769.8,69.7888448166597,TRUE,1,0.619088867416528,7.64,12140,14,0,13
173,770.1,70.0672272104654,TRUE,1,0.781230246075002,6.5,10206,14,1,10
269,770.9,70.8647257179335,TRUE,0,0.644879000377952,6.71,7556,15,1,10
582,770.9,70.8798507412074,TRUE,1,0.734072048639403,7.4,8281,15,1,9
366,771.6,71.58961216668,TRUE,0,0.692756759773545,7.82,9600,14,1,6
124,771.8,71.7556590261756,TRUE,1,0.89834692986416,6.74,9194,14,1,11
551,772.6,72.5693025109327,TRUE,1,0.844260563654218,6.95,10729,15,0,7
733,773.1,73.1078266233716,TRUE,0,0.813106113823278,7.07,10405,14,0,11
463,773.3,73.3150297995685,TRUE,1,0.706203686420247,7.81,13418,15,1,8
905,773.4,73.3699861211252,TRUE,1,0.699773703490995,7.54,9616,14,1,11
276,774.2,74.1792650090256,TRUE,1,0.669521459812577,6.41,8392,15,0,8
510,774.5,74.4947737236263,TRUE,1,0.562199826306277,6.69,11903,14,1,6
421,775,74.9753652231606,TRUE,1,0.805702399147104,6.85,9842,15,0,11
435,775.8,75.7792855852654,TRUE,1,0.674717209731129,7.51,10880,14,0,5
139,775.9,75.9392072894109,TRUE,0,0.698438287427707,6.25,10426,16,0,8
476,776,76.0078901080084,TRUE,0,0.763396755845526,7.16,9517,15,0,8
879,776.1,76.0663183564003,TRUE,1,0.770144552082049,6.46,10877,15,0,7
920,776.5,76.4926284574701,TRUE,1,0.787023552520101,7.68,8724,14,0,13
304,776.7,76.6527345742403,TRUE,1,0.793104550023473,7.73,14026,14,1,5
601,777,76.9710513316697,TRUE,1,0.715151821586757,7.15,7746,15,0,9
904,777.5,77.464363052717,TRUE,1,0.776469593477613,6.71,6498,15,0,6
593,777.8,77.8049141647555,TRUE,1,0.824503192982701,6.64,12356,15,0,15
573,778,78.0223709507388,TRUE,1,0.840593353782852,6.94,12106,15,1,8
94,778.5,78.4936787028699,TRUE,1,0.737755572704159,6.54,15713,15,1,8
153,779.2,79.1528799317712,TRUE,1,0.802559883408069,6.69,11317,16,1,11
105,779.7,79.6666471527699,TRUE,1,0.710027829586485,7.28,12869,14,0,8
882,780.2,80.2417945818452,TRUE,1,0.797739849885351,6.98,12797,15,1,10
725,780.6,80.5934690958566,TRUE,1,0.789132585132777,8.07,10858,14,1,9
184,781.1,81.1213606100603,TRUE,1,0.741759064523011,6.06,6505,15,1,6
787,781.3,81.347154373581,TRUE,1,0.740773194724722,6.83,14736,16,0,10
794,781.3,81.2902860347621,TRUE,1,0.703485466079094,7.06,10692,14,0,9
896,781.8,81.8233717042291,TRUE,1,0.741245527260205,7.27,13247,14,1,5
130,782.7,82.6664169282797,TRUE,1,0.883774272686738,6.39,10962,14,0,5
843,782.7,82.7454627164692,TRUE,1,0.795748602416479,6.82,5574,17,0,13
890,783.7,83.6566141686686,TRUE,1,0.702637435605336,7.05,12191,16,0,16
981,784.1,84.1444451011314,TRUE,1,0.708434246602606,6.74,11173,18,0,16
824,784.3,84.2872894095932,TRUE,1,0.75087632670594,6.41,11544,16,0,11
465,784.4,84.4388023797537,TRUE,1,0.819072085584363,7.23,6633,16,0,4
487,784.6,84.5849712529432,TRUE,1,0.728290723212907,7.06,15289,15,0,8
219,785.2,85.2446121850572,TRUE,1,0.776601769018276,7.97,11514,15,1,6
458,785.3,85.2725351602301,TRUE,1,0.673982652084722,7.03,9755,15,1,7
418,785.7,85.6713059009098,TRUE,1,0.746376108149715,7.3,10772,15,0,13
327,785.8,85.7723372815855,TRUE,0,0.568243175667681,7.1,15931,14,0,9
365,785.8,85.7593215618022,TRUE,1,0.813700500635939,6.1,7744,15,1,12
462,785.9,85.8668362009093,TRUE,1,0.756509673727358,7.55,10361,16,0,10
218,786.1,86.0943213978783,TRUE,0,0.658897568517417,7,12247,15,0,4
417,786.1,86.1007471482917,TRUE,1,0.802826904563032,6.88,8916,16,1,8
807,786.2,86.1893918325998,TRUE,0,0.716983951098032,7.64,7864,15,1,11
330,786.7,86.6851029259287,TRUE,0,0.562999416335298,7.4,10511,15,0,7
971,786.7,86.6571266582324,TRUE,1,0.635278160452948,7.91,7609,14,1,8
720,787.7,87.6864103935275,TRUE,1,0.932697709718842,6.7,10553,15,1,5
574,787.8,87.7870894981129,TRUE,0,0.733888146597898,6.94,10293,14,0,12
426,788.1,88.1291162533456,TRUE,1,0.740139172278992,6.86,9862,15,0,8
348,788.7,88.711355174982,TRUE,1,0.854402772880906,7.48,8701,15,0,6
562,788.9,88.9179621435806,TRUE,1,0.834202373580001,6.4,11293,15,1,12
361,789.7,89.7490252560351,TRUE,0,0.758864332537186,6.8,7732,14,1,8
351,789.9,89.8822522539391,TRUE,1,0.793070278705666,6.99,9619,15,0,10
452,790.8,90.8313907540119,TRUE,1,0.779821421530199,6.94,10199,15,1,8
721,791,91.0366960141514,TRUE,1,0.828234987877177,6.51,8981,15,0,9
701,791.1,91.0772134008696,TRUE,1,0.703163412899311,7.4,9886,14,0,12
156,791.4,91.4152752095284,TRUE,0,0.737640465248656,6.54,11894,14,0,11
226,792.1,92.1098324338701,TRUE,1,0.746872065724066,6.34,11450,15,1,7
68,792.2,92.219278144243,TRUE,1,0.732581999352581,7.03,12581,15,0,6
482,792.5,92.5240864289907,TRUE,1,0.738108998575426,6.42,11192,15,0,3
313,792.6,92.6218835249863,TRUE,1,0.89979055205256,7.16,8981,15,1,9
145,792.7,92.6622886471681,TRUE,1,0.762563824344276,7.14,11435,15,1,9
891,792.9,92.9124901844166,TRUE,1,0.748237276633047,6.8,12075,15,0,4
296,793.1,93.1158026179684,TRUE,1,0.799696200602077,6.94,10112,17,0,10
36,793.2,93.1674999614402,TRUE,1,0.760838790274442,7.2,7747,14,1,11
643,793.3,93.2926392274495,TRUE,1,0.694976406020435,7.26,11278,14,0,12
118,793.7,93.6741020163984,TRUE,1,0.898986155883405,7.07,14068,14,0,14
501,794,93.9685726104374,TRUE,0,0.64687933968089,6.71,13289,16,0,11
911,794,94.0133953846009,TRUE,0,0.710852641525662,7.61,10890,15,1,9
89,794.1,94.0639401340992,TRUE,0,0.814120422916964,7.3,12494,14,1,13
778,794.4,94.429939907908,TRUE,1,0.800775619497509,7.12,6969,15,1,11
291,794.8,94.7901789301125,TRUE,1,0.707536654000903,6.71,9484,15,1,7
243,795.7,95.6610897029923,TRUE,1,0.858865098999134,7.09,5940,15,1,11
757,796.9,96.9274421868295,TRUE,1,0.678854018520671,7.15,9164,15,0,8
101,797.3,97.301318491148,TRUE,1,0.855491847725131,7.04,14076,14,1,14
343,797.4,97.4146914969151,TRUE,0,0.767166767181249,6.74,8426,15,0,9
933,798.3,98.316980544666,TRUE,1,0.728175903627653,6.91,10010,15,1,14
249,798.9,98.8849653581486,TRUE,1,0.843612038897867,7.19,9667,14,1,3
723,799,99.0145951844373,TRUE,1,0.816146114835389,6.95,13285,16,1,6
886,802.4,102.426806969316,TRUE,0,0.824163417410361,7.26,10388,16,0,13
289,802.6,102.565299682265,TRUE,1,0.738811263516531,8.29,10971,15,0,16
626,802.7,102.717273947369,TRUE,1,0.797954732260018,7.04,12280,15,0,8
293,803,102.989381604682,TRUE,1,0.755201093014212,6.58,12184,14,0,13
788,803.5,103.518606131868,TRUE,1,0.742912444985176,7.18,9481,16,0,12
182,804.9,104.892650854096,TRUE,1,0.788358192113355,6.73,9440,14,1,11
504,805.7,105.724968211422,TRUE,1,0.797058427541978,7.07,7956,15,1,5
738,806.7,106.723311281713,TRUE,1,0.918269177615692,6.77,8132,15,1,3
515,806.9,106.915866282344,TRUE,1,0.782180521390859,7.6,10292,15,0,7
401,807,106.95140596403,TRUE,1,0.920825995888172,7.51,8866,15,0,16
699,807.7,107.690910278729,TRUE,0,0.727340546352339,7.79,11264,15,1,6
16,807.8,107.760119943763,TRUE,1,0.696357907345873,7.68,9959,15,1,6
73,807.8,107.761666772315,TRUE,1,0.900949209438212,6.91,9075,16,0,9
282,808.8,108.773060636496,TRUE,1,0.698731440742197,7.06,10953,16,0,11
533,810,109.994441637811,TRUE,1,0.937566900408595,7.56,9297,15,1,13
536,811.1,111.092495458666,TRUE,1,0.723478046830526,6.49,8063,15,0,13
314,811.2,111.170772333035,TRUE,1,0.834164418859164,6.5,8773,14,0,10
656,812.3,112.266827299769,TRUE,1,0.755662740813458,7,11991,14,0,10
161,812.4,112.432503907747,TRUE,1,0.671159274087038,7.07,12619,16,0,7
440,812.7,112.663711623286,TRUE,1,0.833208359673818,6.6,10755,17,1,9
930,812.8,112.841415755895,TRUE,1,0.749641856512247,6.91,11780,14,1,7
771,813.2,113.213612318888,TRUE,1,0.757683925128318,6.4,11569,15,1,14
46,813.5,113.4512930803,TRUE,1,0.724278992395604,7.94,13121,14,0,12
478,815.1,115.07135776645,TRUE,1,0.73636728124077,7.39,12392,16,0,3
187,815.7,115.679078484962,TRUE,1,0.95,7.1,10601,15,0,11
423,815.9,115.854307433874,TRUE,1,0.95,7.39,11871,15,1,9
758,816.6,116.635063342868,TRUE,1,0.848498796121456,7.04,10838,15,0,8
556,816.8,116.788565579126,TRUE,1,0.737323613292986,6.96,8041,16,1,11
24,817.3,117.265980896111,TRUE,1,0.846665987741339,6.78,11029,15,0,9
851,817.3,117.293892817455,TRUE,1,0.690337526054531,8.12,12693,16,0,8
92,817.9,117.887191474384,TRUE,0,0.818608099906088,7.98,10745,15,0,12
960,818.1,118.142777936733,TRUE,0,0.839181420207899,7.51,8734,14,0,8
108,818.5,118.486161528425,TRUE,1,0.864496575615508,7.33,11897,15,1,11
179,820.1,120.130705595754,TRUE,1,0.865410547524183,6.69,14679,16,1,7
258,820.1,120.086727418624,TRUE,1,0.772639365535688,7.27,9643,14,0,12
82,820.7,120.713307711416,TRUE,1,0.732350823968984,7.43,9117,17,0,7
494,821.9,121.947654231156,TRUE,1,0.760811718244676,7.74,12744,14,1,12
399,822,122.017859214798,TRUE,1,0.795695929314236,6.29,10549,15,1,6
255,822.4,122.362723247634,TRUE,1,0.786840843064778,7.57,12513,14,1,12
840,824.9,124.948462723737,TRUE,0,0.759702118295879,7.23,10246,16,0,14
455,825.2,125.236225866698,TRUE,1,0.772856214078289,7.16,11689,16,1,13
408,825.5,125.518416433422,TRUE,1,0.725079252582117,7.26,6274,16,0,12
776,828.4,128.368115244517,TRUE,1,0.750149739801655,7.22,10199,14,0,10
996,828.4,128.422106157438,TRUE,1,0.728528826372016,6.92,14370,16,0,8
324,829,129.014130811844,TRUE,0,0.617784334249673,7.16,12198,15,0,10
512,830.1,130.063689875977,TRUE,0,0.796739326602507,6.35,15494,15,1,9
954,830.3,130.275405150735,TRUE,1,0.796642245411572,6.43,14172,15,1,12
678,830.5,130.480252191071,TRUE,1,0.77909704650175,8.27,11295,15,0,8
196,831.3,131.282893300292,TRUE,0,0.856790079477245,7.34,12203,17,1,9
210,832.2,132.244902548944,TRUE,0,0.766866431541822,7.58,9767,15,0,8
810,832.3,132.296307769337,TRUE,0,0.76861264642145,6.69,13460,16,0,8
308,832.7,132.722053494511,TRUE,1,0.786360937270481,6.64,13170,15,1,5
830,833.2,133.220726739,TRUE,1,0.701421408220519,7.03,11673,15,0,12
734,833.3,133.328004803864,TRUE,0,0.781334062383829,6.99,17559,14,0,9
575,833.4,133.390864304626,TRUE,0,0.741516266220025,7.53,13403,16,1,14
486,834.7,134.749208863821,TRUE,1,0.823286270268533,7.26,11022,14,0,7
268,835.3,135.335388255925,TRUE,1,0.815836329514591,7.22,13683,15,1,10
774,836.8,136.812494419884,TRUE,1,0.74843168815357,7.47,8106,14,0,10
30,838.1,138.050318920504,TRUE,0,0.95,7.89,13545,16,1,9
714,838.3,138.321218388216,TRUE,0,0.787921601105645,7.35,8487,14,0,10
27,838.5,138.475562178986,TRUE,1,0.858537094871712,8.57,10861,15,1,12
353,841,140.997765734306,TRUE,1,0.765320642280083,6.74,9207,15,0,10
206,841.4,141.371299029535,TRUE,1,0.709129301609451,7.11,13148,15,1,14
321,842.1,142.134506264267,TRUE,1,0.722704515401158,6.47,11875,15,0,8
613,842.5,142.528324155046,TRUE,1,0.912392093879134,6.84,15467,17,0,12
815,843,143.029856526848,TRUE,1,0.681706484957262,7.12,10152,15,1,8
560,845.7,145.705810728542,TRUE,0,0.671103389940707,8.26,13499,16,1,7
914,846.3,146.256539038156,TRUE,0,0.738940640107701,7.37,10960,15,1,4
485,848.3,148.303921303908,TRUE,0,0.810816263092194,7.62,8616,14,0,9
530,848.6,148.554952966498,TRUE,1,0.783281639139945,7.01,12073,16,1,10
681,852.1,152.052018750332,TRUE,0,0.74671050601901,7.12,13708,15,0,8
121,852.5,152.496335084994,TRUE,1,0.688209779576864,6.62,11633,14,0,6
26,852.6,152.646706771359,TRUE,0,0.823538648532043,7.68,14762,16,0,10
407,852.7,152.717669231255,TRUE,1,0.688866078290694,6.96,11645,16,1,9
658,853.6,153.562684994114,TRUE,0,0.95,7.53,13989,15,0,6
470,853.7,153.67027115743,TRUE,0,0.857357230770935,7.7,11783,17,1,12
940,856.7,156.695265113802,TRUE,1,0.730650623341809,7.31,16620,16,0,15
698,859.6,159.600112675127,TRUE,0,0.843241405810332,7.37,13454,15,0,9
799,861.4,161.35618978486,TRUE,1,0.95,8.19,11833,14,0,10
240,864.1,164.126346135945,TRUE,1,0.939761564709834,6.74,12391,15,0,11
392,866.3,166.311229346862,TRUE,1,0.87447187196932,7.27,10287,15,0,15
375,869.2,169.176726389618,TRUE,0,0.855517433466962,7.57,11145,14,0,16
433,869.2,169.168951226569,TRUE,1,0.95,7.25,11521,14,1,13
571,869.7,169.696354457392,TRUE,1,0.636149545885555,7.76,13705,14,1,12
491,869.9,169.92692318085,TRUE,1,0.865402866328826,7.71,13404,15,0,3
77,870,169.959290841089,TRUE,1,0.767876823264051,8.19,13496,16,0,9
122,870.5,170.54381747831,TRUE,1,0.95,7.56,11456,14,0,6
862,872.4,172.351983058836,TRUE,1,0.872787165827356,7.96,15319,15,1,10
220,872.9,172.931713026341,TRUE,1,0.813789102824724,7.66,10949,14,1,7
832,874,174.008911426606,TRUE,1,0.827223152498674,8.17,10183,14,0,10
895,874.3,174.34725309327,TRUE,1,0.903882084598975,7.44,14055,16,0,3
193,874.4,174.440318831393,TRUE,0,0.887660444164661,8.31,16853,15,1,11
119,883.1,183.0986548736,TRUE,1,0.757540216342209,7.48,12975,14,0,11
821,886,186.028481965146,TRUE,1,0.841570964010275,7.51,14900,15,0,10
1000,886.6,186.594619579467,TRUE,1,0.882551030428911,7.27,12345,16,0,11
469,887.4,187.435166570471,TRUE,1,0.859361910345569,8,15411,15,0,7
718,887.8,187.838877798522,TRUE,0,0.847147128721572,7.15,14837,15,0,10
90,893.2,193.155976722781,TRUE,0,0.82212286265177,7.72,14622,15,1,6
447,893.6,193.581094354703,TRUE,1,0.872709118844808,8.63,12508,14,1,7
967,897.9,197.89623517322,TRUE,1,0.714953606408732,8.48,13462,15,1,9
538,904.9,204.909407894564,TRUE,1,0.854718064471358,7.25,13460,14,0,8
132,911.1,211.096585007663,TRUE,1,0.868571555317951,7.98,16580,14,1,14
585,925.2,225.193023602679,TRUE,1,0.939193387711451,7.52,17475,14,1,8
460,950,250,TRUE,1,0.936716369329839,7.8,13046,15,0,15
813,950,250,TRUE,1,0.936810773616977,8.05,16259,15,1,12
